{"images (1).jpg13354":
  {"fileref":"","size":13354,"filename":"images (1).jpg","base64_img_data":"","file_attributes":
    {
    },
    "regions":
    {"0":
      {"shape_attributes":
        {"name":"polygon",
          "all_points_x":[48,78,167,242,256,244,244,248,246,222,198,180,180,168,152,147,134,127,120,111,110,102,92,80,71,64,43,46,56,46,46,48],
          "all_points_y":[111,138,118,96,80,69,58,51,26,33,21,19,13,17,28,38,33,39,35,46,54,45,47,52,50,58,83,92,95,101,110,111]
        },
      "region_attributes":
        {"food":"1"
        }
      }
    }
  },
"images (2).jpg8380":{"fileref":"","size":8380,"filename":"images (2).jpg","base64_img_data":"","file_attributes":{},"regions":{"0":{"shape_attributes":{"name":"polygon","all_points_x":[63,24,24,32,31,47,87,146,221,236,248,266,263,247,216,224,216,191,176,145,131,99,82,79,63],"all_points_y":[43,81,108,117,131,147,164,168,154,160,148,127,97,103,84,69,43,42,33,17,26,13,27,37,43]},"region_attributes":{"food":"1"}}}},"images (3).jpg10742":{"fileref":"","size":10742,"filename":"images (3).jpg","base64_img_data":"","file_attributes":{},"regions":{"0":{"shape_attributes":{"name":"polygon","all_points_x":[226,223,230,239,236,221,227,227,223,221,207,193,172,166,166,155,100,103,94,75,59,56,41,38,24,2,7,5,22,32,49,42,62,76,101,150,149,168,174,179,186,205,214,238,243,242,226],"all_points_y":[101,110,112,120,127,141,144,152,150,170,163,170,171,169,169,173,175,168,167,169,166,155,148,159,160,153,144,130,108,108,61,39,35,44,28,41,46,32,23,27,36,48,43,67,86,96,101]},"region_attributes":{"food":"1"}}}},"images (4).jpg13791":{"fileref":"","size":13791,"filename":"images (4).jpg","base64_img_data":"","file_attributes":{},"regions":{"0":{"shape_attributes":{"name":"polygon","all_points_x":[38,36,24,23,45,54,54,102,194,247,252,234,251,247,231,233,206,182,170,157,157,158,115,111,85,77,69,56,56,38],"all_points_y":[68,79,91,98,136,151,151,165,167,131,106,99,73,48,50,29,25,23,11,13,11,1,2,9,13,19,35,47,54,68]},"region_attributes":{"food":"1"}}}},"images (5).jpg10901":{"fileref":"","size":10901,"filename":"images (5).jpg","base64_img_data":"","file_attributes":{},"regions":{"0":{"shape_attributes":{"name":"polygon","all_points_x":[22,27,11,5,10,19,47,62,77,91,104,129,154,159,177,189,202,220,213,240,254,249,259,213,206,164,145,77,57,40,28,17,22],"all_points_y":[82,93,100,114,130,137,133,136,135,134,144,144,148,149,141,144,140,108,96,94,62,43,21,12,20,10,1,1,23,36,53,67,82]},"region_attributes":{"food":"1"}}}},"images (6).jpg11127":{"fileref":"","size":11127,"filename":"images (6).jpg","base64_img_data":"","file_attributes":{},"regions":{"0":{"shape_attributes":{"name":"polygon","all_points_x":[40,28,34,39,76,146,187,218,232,225,224,211,185,184,173,70,59,43,43,40],"all_points_y":[35,51,101,110,133,141,131,110,88,58,45,42,23,13,2,3,12,32,32,35]},"region_attributes":{"food":"1"}}}},"images (7).jpg12090":{"fileref":"","size":12090,"filename":"images (7).jpg","base64_img_data":"","file_attributes":{},"regions":{"0":{"shape_attributes":{"name":"polygon","all_points_x":[51,60,88,90,180,235,302,298,275,270,236,218,216,200,155,128,108,84,61,51],"all_points_y":[84,113,114,126,135,124,90,64,52,32,21,24,24,11,15,26,28,38,59,84]},"region_attributes":{"food":"1"}}}},"images (8).jpg11127":{"fileref":"","size":11127,"filename":"images (8).jpg","base64_img_data":"","file_attributes":{},"regions":{"0":{"shape_attributes":{"name":"polygon","all_points_x":[40,26,31,43,82,141,193,221,231,228,225,215,186,183,187,173,69,56,56,40],"all_points_y":[33,50,98,115,136,144,128,108,89,61,45,44,24,22,9,1,2,14,18,33]},"region_attributes":{"food":"1"}}}},"images (9).jpg12090":{"fileref":"","size":12090,"filename":"images (9).jpg","base64_img_data":"","file_attributes":{},"regions":{"0":{"shape_attributes":{"name":"polygon","all_points_x":[50,61,86,92,176,233,300,299,279,264,233,215,196,154,147,119,93,64,50,50,50],"all_points_y":[89,114,117,127,138,124,98,64,51,33,23,26,10,15,20,26,31,57,85,85,89]},"region_attributes":{"food":"1"}}}},"images (10).jpg10172":{"fileref":"","size":10172,"filename":"images (10).jpg","base64_img_data":"","file_attributes":{},"regions":{"0":{"shape_attributes":{"name":"polygon","all_points_x":[30,74,191,247,248,211,189,154,110,87,53,35,7,3,4,30],"all_points_y":[173,196,190,150,83,65,48,35,31,37,28,50,44,84,152,173]},"region_attributes":{"food":"1"}}}},"images (11).jpg10830":{"fileref":"","size":10830,"filename":"images (11).jpg","base64_img_data":"","file_attributes":{},"regions":{"0":{"shape_attributes":{"name":"polygon","all_points_x":[92,119,138,145,149,237,254,265,278,296,281,265,260,181,143,136,92],"all_points_y":[2,98,107,122,148,161,150,152,99,72,49,53,62,8,9,3,2]},"region_attributes":{"food":"2"}},"1":{"shape_attributes":{"name":"polygon","all_points_x":[52,10,4,7,17,31,53,89,98,108,92,52],"all_points_y":[19,41,58,75,94,99,91,90,75,74,14,19]},"region_attributes":{"food":"2"}}}},"images (12).jpg12873":{"fileref":"","size":12873,"filename":"images (12).jpg","base64_img_data":"","file_attributes":{},"regions":{"0":{"shape_attributes":{"name":"polygon","all_points_x":[121,116,104,93,80,78,75,84,106,120,134,146,152,161,151,156,169,167,156,144,136,125,124,131,124,121,121,121],"all_points_y":[82,90,94,105,114,132,142,152,159,159,141,126,126,103,95,85,65,57,50,38,47,46,59,66,71,83,83,82]},"region_attributes":{"food":"2"}},"1":{"shape_attributes":{"name":"polygon","all_points_x":[221,200,183,170,154,152,166,166,155,161,152,160,183,195,208,216,216,240,273,274,274,266,246,238,231,221],"all_points_y":[111,150,154,154,149,140,138,122,118,101,93,83,80,87,82,62,62,56,62,91,90,88,99,94,108,111]},"region_attributes":{"food":"2"}},"2":{"shape_attributes":{"name":"polygon","all_points_x":[233,210,205,205,212,241,255,270,271,270,274,274,270,249,238,242,242,233],"all_points_y":[30,49,60,60,64,56,59,37,39,26,25,2,0,0,10,25,31,30]},"region_attributes":{"food":"2"}},"3":{"shape_attributes":{"name":"polygon","all_points_x":[56,56,39,30,34,48,60,72,110,91,83,71,66,55,55,56],"all_points_y":[53,61,74,90,108,113,114,106,86,49,39,40,50,50,50,53]},"region_attributes":{"food":"2"}},"4":{"shape_attributes":{"name":"polygon","all_points_x":[18,4,2,16,34,38,83,122,136,134,116,109,97,84,70,66,54,39,35,27,18],"all_points_y":[28,24,2,2,3,1,0,1,3,6,14,16,16,38,41,50,50,48,38,36,28]},"region_attributes":{"food":"2"}}}},"images (13).jpg10070":{"fileref":"","size":10070,"filename":"images (13).jpg","base64_img_data":"","file_attributes":{},"regions":{"0":{"shape_attributes":{"name":"polygon","all_points_x":[80,102,116,193,206,220,230,236,240,206,203,181,174,128,111,88,82,78,80],"all_points_y":[138,149,153,145,149,167,165,152,132,121,106,95,102,71,78,93,102,126,138]},"region_attributes":{"food":"2"}},"1":{"shape_attributes":{"name":"polygon","all_points_x":[108,93,82,83,90,129,171,185,193,160,150,136,134,120,108],"all_points_y":[41,42,48,77,87,71,98,92,63,34,31,33,38,37,41]},"region_attributes":{"food":"2"}},"2":{"shape_attributes":{"name":"polygon","all_points_x":[202,192,179,192,182,198,204,237,248,264,256,259,251,225,202],"all_points_y":[20,23,49,61,94,104,118,119,122,118,77,70,68,30,20]},"region_attributes":{"food":"2"}}}},"images (14).jpg10475":{"fileref":"","size":10475,"filename":"images (14).jpg","base64_img_data":"","file_attributes":{},"regions":{"0":{"shape_attributes":{"name":"polygon","all_points_x":[241,232,222,204,199,192,185,138,128,127,132,141,142,168,193,213,227,238,240,240,241],"all_points_y":[82,109,131,131,136,137,133,135,123,109,95,82,54,61,51,52,60,67,79,79,82]},"region_attributes":{"food":"2"}},"1":{"shape_attributes":{"name":"polygon","all_points_x":[252,268,285,293,289,280,276,277,274,261,232,226,242,235,240,252],"all_points_y":[52,55,66,82,90,99,99,107,112,120,123,123,79,63,60,52]},"region_attributes":{"food":"2"}},"2":{"shape_attributes":{"name":"polygon","all_points_x":[174,171,187,200,221,245,252,233,207,190,192,174],"all_points_y":[37,30,23,27,25,35,50,64,52,53,47,37]},"region_attributes":{"food":"2"}}}},"images (15).jpg13201":{"fileref":"","size":13201,"filename":"images (15).jpg","base64_img_data":"","file_attributes":{},"regions":{"0":{"shape_attributes":{"name":"polygon","all_points_x":[99,56,29,29,34,61,115,112,115,99],"all_points_y":[82,122,117,115,71,50,51,51,64,82]},"region_attributes":{"food":"2"}},"1":{"shape_attributes":{"name":"polygon","all_points_x":[148,165,154,114,87,88,116,115,136,146,146,148],"all_points_y":[65,102,123,130,110,95,61,51,51,61,61,65]},"region_attributes":{"food":"2"}},"2":{"shape_attributes":{"name":"polygon","all_points_x":[20,34,66,100,130,169,169,165,146,106,83,62,36,20],"all_points_y":[152,172,178,182,180,156,156,116,126,125,110,116,131,152]},"region_attributes":{"food":"2"}}}},"images (16).jpg11103":{"fileref":"","size":11103,"filename":"images (16).jpg","base64_img_data":"","file_attributes":{},"regions":{"0":{"shape_attributes":{"name":"polygon","all_points_x":[41,22,19,34,56,73,69,90,118,132,176,170,197,198,205,194,187,174,120,73,41],"all_points_y":[86,108,120,130,176,191,205,220,236,227,225,200,172,152,122,110,95,98,81,78,86]},"region_attributes":{"food":"2"}}}},"images (17).jpg12773":{"fileref":"","size":12773,"filename":"images (17).jpg","base64_img_data":"","file_attributes":{},"regions":{"0":{"shape_attributes":{"name":"polygon","all_points_x":[266,274,267,250,232,195,184,182,204,224,211,223,232,266],"all_points_y":[89,107,139,156,166,165,151,108,113,105,48,48,66,89]},"region_attributes":{"food":"2"}},"1":{"shape_attributes":{"name":"polygon","all_points_x":[97,109,110,116,119,112,117,125,129,181,184,180,136,105,99,98,103,94,93,97],"all_points_y":[93,106,114,114,123,129,137,134,146,152,138,110,41,26,46,64,72,77,87,93]},"region_attributes":{"food":"2"}},"2":{"shape_attributes":{"name":"polygon","all_points_x":[120,124,137,180,202,202,223,213,197,188,189,170,158,156,161,120],"all_points_y":[2,33,45,107,112,112,104,51,48,44,39,26,28,17,0,2]},"region_attributes":{"food":"2"}}}},"images (18).jpg16981":{"fileref":"","size":16981,"filename":"images (18).jpg","base64_img_data":"","file_attributes":{},"regions":{"0":{"shape_attributes":{"name":"polygon","all_points_x":[86,98,98,103,111,115,124,163,156,154,144,144,134,133,134,129,126,115,101,93,93,86,86,86,86],"all_points_y":[120,134,134,134,150,155,157,144,137,132,131,124,128,122,118,84,95,86,95,104,104,110,117,117,120]},"region_attributes":{"food":"2"}},"1":{"shape_attributes":{"name":"polygon","all_points_x":[116,114,98,94,103,119,138,142,142,149,156,167,171,178,172,168,168,168,138,124,117,112,112,116,116,116],"all_points_y":[30,45,53,62,74,80,76,79,70,61,61,68,77,54,44,43,39,30,9,15,13,17,25,28,28,30]},"region_attributes":{"food":"2"}},"2":{"shape_attributes":{"name":"polygon","all_points_x":[204,214,219,222,222,219,211,207,199,199,192,190,192,184,174,163,154,146,158,165,171,172,185,195,204],"all_points_y":[76,86,96,103,106,112,119,118,126,132,136,134,142,148,153,144,132,124,107,107,94,81,71,69,76]},"region_attributes":{"food":"2"}},"3":{"shape_attributes":{"name":"polygon","all_points_x":[205,208,220,228,233,232,231,219,195,197,195,183,170,167,182,192,198,201,205],"all_points_y":[24,29,36,46,59,74,84,93,68,54,47,40,42,23,19,16,15,18,24]},"region_attributes":{"food":"2"}}}},"images (19).jpg13224":{"fileref":"","size":13224,"filename":"images (19).jpg","base64_img_data":"","file_attributes":{},"regions":{"0":{"shape_attributes":{"name":"polygon","all_points_x":[161,164,169,168,168,150,137,130,118,126,125,112,119,129,140,155,163,167,165,161],"all_points_y":[125,151,165,177,186,192,199,205,207,197,176,155,134,117,102,105,105,113,117,125]},"region_attributes":{"food":"2"}},"1":{"shape_attributes":{"name":"polygon","all_points_x":[59,58,67,78,111,121,126,115,99,84,76,59,59,59],"all_points_y":[190,202,218,225,214,208,184,154,159,164,164,187,187,190]},"region_attributes":{"food":"2"}},"2":{"shape_attributes":{"name":"polygon","all_points_x":[13,5,17,32,27,33,39,42,49,47,60,68,67,79,69,59,42,35,35,32,21,13],"all_points_y":[117,142,160,168,184,193,193,206,203,191,184,167,127,132,102,91,95,98,111,114,109,117]},"region_attributes":{"food":"2"}},"3":{"shape_attributes":{"name":"polygon","all_points_x":[110,79,54,64,76,98,102,105,105,122,131,142,149,144,127,110],"all_points_y":[63,61,92,97,118,111,108,93,93,98,112,100,85,76,75,63]},"region_attributes":{"food":"2"}}}},"images (20).jpg8769":{"fileref":"","size":8769,"filename":"images (20).jpg","base64_img_data":"","file_attributes":{},"regions":{"0":{"shape_attributes":{"name":"polygon","all_points_x":[102,90,72,71,81,95,114,132,143,145,135,121,102],"all_points_y":[37,37,56,78,101,107,110,104,88,68,47,38,37]},"region_attributes":{"food":"3"}},"1":{"shape_attributes":{"name":"polygon","all_points_x":[42,24,20,22,32,50,76,93,96,80,71,71,42],"all_points_y":[62,76,92,112,128,138,133,121,106,96,78,58,62]},"region_attributes":{"food":"3"}},"2":{"shape_attributes":{"name":"polygon","all_points_x":[178,169,154,133,114,100,95,104,107,130,143,160,176,179,179,178],"all_points_y":[149,162,170,175,168,153,132,114,109,103,94,99,112,132,145,149]},"region_attributes":{"food":"3"}},"3":{"shape_attributes":{"name":"polygon","all_points_x":[161,173,176,175,163,152,143,144,144,132,113,100,118,135,151,161],"all_points_y":[26,44,56,66,83,92,89,66,66,44,36,35,19,16,19,26]},"region_attributes":{"food":"3"}}}},"images (21).jpg5829":{"fileref":"","size":5829,"filename":"images (21).jpg","base64_img_data":"","file_attributes":{},"regions":{"0":{"shape_attributes":{"name":"polygon","all_points_x":[38,51,82,116,135,137,129,114,86,67,49,36,33,38],"all_points_y":[191,206,212,206,190,175,155,143,132,134,141,153,174,191]},"region_attributes":{"food":"3"}},"1":{"shape_attributes":{"name":"polygon","all_points_x":[194,217,221,214,186,163,153,140,137,138,145,160,180,194],"all_points_y":[197,182,160,131,113,118,128,148,159,177,189,196,199,197]},"region_attributes":{"food":"3"}},"2":{"shape_attributes":{"name":"polygon","all_points_x":[119,96,80,76,75,80,88,124,145,164,163,145,119],"all_points_y":[52,57,74,91,110,127,132,146,139,117,85,60,52]},"region_attributes":{"food":"3"}},"3":{"shape_attributes":{"name":"polygon","all_points_x":[54,27,22,22,26,42,65,86,75,78,77,54],"all_points_y":[77,91,107,122,137,145,135,131,112,86,77,77]},"region_attributes":{"food":"3"}},"4":{"shape_attributes":{"name":"polygon","all_points_x":[182,197,204,185,164,165,164,155,171,182],"all_points_y":[81,101,122,113,118,84,84,72,74,81]},"region_attributes":{"food":"3"}}}},

"images (22).jpg10191":{"fileref":"","size":10191,"filename":"images (22).jpg","base64_img_data":"","file_attributes":{},
"regions":
{"0":
  {"shape_attributes":
    {"name":"polygon",
    "all_points_x":[128,114,107,110,137,163,169,167,154,128],
    "all_points_y":[54,70,80,105,120,115,94,70,55,54]
    },
  "region_attributes":
    {"food":"3"
    }
},
  "1":
  {"shape_attributes":
    {"name":"polygon",
    "all_points_x":[91,74,79,86,97,108,109,132,126,106,91],
    "all_points_y":[34,56,74,88,94,93,78,52,36,29,34]
    },
  "region_attributes":
  {"food":"3"
  }
},
  "2":{"shape_attributes":{"name":"polygon","all_points_x":[170,154,140,131,130,131,152,169,183,191,190,185,170],"all_points_y":[20,19,25,30,41,56,56,73,73,59,36,26,20]},"region_attributes":{"food":"3"}},"3":{"shape_attributes":{"name":"polygon","all_points_x":[200,200,184,173,159,152,163,168,168,185,193,200],"all_points_y":[94,117,128,132,131,118,113,98,73,73,79,94]},"region_attributes":{"food":"3"}},"4":{"shape_attributes":{"name":"polygon","all_points_x":[93,88,95,109,132,145,150,149,138,118,106,97,93],"all_points_y":[107,121,134,146,149,144,129,116,119,109,93,99,107]},"region_attributes":{"food":"3"}}}},"images (23).jpg11290":{"fileref":"","size":11290,"filename":"images (23).jpg","base64_img_data":"","file_attributes":{},"regions":{"0":{"shape_attributes":{"name":"polygon","all_points_x":[112,128,161,202,213,197,161,149,117,112],"all_points_y":[145,164,157,136,127,99,79,99,108,145]},"region_attributes":{"food":"3"}},"1":{"shape_attributes":{"name":"polygon","all_points_x":[45,23,26,49,87,106,111,119,85,74,45],"all_points_y":[75,111,124,147,163,155,142,104,92,69,75]},"region_attributes":{"food":"3"}},"2":{"shape_attributes":{"name":"polygon","all_points_x":[159,168,160,148,121,83,73,79,102,111,137,153,159],"all_points_y":[27,60,80,97,104,89,67,33,11,4,9,17,27]},"region_attributes":{"food":"3"}}}},"images (24).jpg9609":{"fileref":"","size":9609,"filename":"images (24).jpg","base64_img_data":"","file_attributes":{},"regions":{"0":{"shape_attributes":{"name":"polygon","all_points_x":[122,141,157,172,174,167,152,136,124,120,122],"all_points_y":[156,166,166,155,137,123,114,117,129,142,156]},"region_attributes":{"food":"3"}},"1":{"shape_attributes":{"name":"polygon","all_points_x":[95,76,65,65,74,89,97,109,114,115,112,95],"all_points_y":[153,150,135,121,108,103,104,113,118,135,147,153]},"region_attributes":{"food":"3"}},"2":{"shape_attributes":{"name":"polygon","all_points_x":[186,189,184,176,162,148,141,152,166,179,184,186],"all_points_y":[60,72,85,91,85,85,69,52,46,48,53,60]},"region_attributes":{"food":"3"}},"3":{"shape_attributes":{"name":"polygon","all_points_x":[61,48,47,49,59,66,76,95,91,94,81,61],"all_points_y":[72,83,101,110,117,119,108,102,90,82,71,72]},"region_attributes":{"food":"3"}},"4":{"shape_attributes":{"name":"polygon","all_points_x":[114,98,93,94,100,116,130,144,142,134,122,114],"all_points_y":[65,73,83,101,107,117,117,102,83,68,63,65]},"region_attributes":{"food":"3"}},"5":{"shape_attributes":{"name":"polygon","all_points_x":[181,177,161,146,143,142,135,137,151,170,180,181],"all_points_y":[108,92,83,84,90,103,112,117,114,127,118,108]},"region_attributes":{"food":"3"}}}},"images (25).jpg7760":{"fileref":"","size":7760,"filename":"images (25).jpg","base64_img_data":"","file_attributes":{},"regions":{"0":{"shape_attributes":{"name":"polygon","all_points_x":[119,139,160,180,191,189,176,168,146,131,123,119,122,119],"all_points_y":[129,143,145,142,126,104,89,84,87,99,102,123,130,129]},"region_attributes":{"food":"3"}},"1":{"shape_attributes":{"name":"polygon","all_points_x":[99,85,80,77,76,85,97,116,123,132,125,115,99],"all_points_y":[65,73,77,95,107,116,120,117,101,94,77,68,65]},"region_attributes":{"food":"3"}},"2":{"shape_attributes":{"name":"polygon","all_points_x":[151,135,126,116,112,113,125,135,148,171,165,154,151],"all_points_y":[48,47,52,52,58,67,79,96,86,83,66,52,48]},"region_attributes":{"food":"3"}}}},"images (26).jpg6417":{"fileref":"","size":6417,"filename":"images (26).jpg","base64_img_data":"","file_attributes":{},"regions":{"0":{"shape_attributes":{"name":"polygon","all_points_x":[191,208,232,243,249,246,234,232,224,220,210,203,195,191,185,191],"all_points_y":[82,95,96,90,67,59,50,57,53,49,54,61,59,54,71,82]},"region_attributes":{"food":"4"}}}},"images (27).jpg3688":{"fileref":"","size":3688,"filename":"images (27).jpg","base64_img_data":"","file_attributes":{},"regions":{"0":{"shape_attributes":{"name":"polygon","all_points_x":[49,38,38,54,80,108,122,120,100,74,58,49],"all_points_y":[110,138,157,184,194,188,169,132,117,105,107,110]},"region_attributes":{"food":"4"}},"1":{"shape_attributes":{"name":"polygon","all_points_x":[134,111,86,69,104,117,122,122,138,145,137,134],"all_points_y":[109,98,93,105,120,130,161,173,169,146,116,109]},"region_attributes":{"food":"4"}}}},"images (28).jpg4665":{"fileref":"","size":4665,"filename":"images (28).jpg","base64_img_data":"","file_attributes":{},"regions":{"0":{"shape_attributes":{"name":"polygon","all_points_x":[111,87,86,96,117,138,167,195,205,204,182,170,147,136,119,111],"all_points_y":[49,77,106,131,149,155,153,136,108,79,50,63,63,58,53,49]},"region_attributes":{"food":"4"}}}},"images (29).jpg6042":{"fileref":"","size":6042,"filename":"images (29).jpg","base64_img_data":"","file_attributes":{},"regions":{"0":{"shape_attributes":{"name":"polygon","all_points_x":[15,36,73,91,91,76,50,34,18,12,21,16,5,5,8,15],"all_points_y":[174,196,197,188,148,104,100,112,110,120,136,143,146,165,171,174]},"region_attributes":{"food":"4"}},"1":{"shape_attributes":{"name":"polygon","all_points_x":[124,102,81,70,79,85,91,113,123,140,161,164,149,124],"all_points_y":[67,76,81,101,111,134,144,125,122,127,126,101,80,67]},"region_attributes":{"food":"4"}},"2":{"shape_attributes":{"name":"polygon","all_points_x":[88,96,111,160,178,182,172,157,134,119,94,90,92,92,88],"all_points_y":[197,207,217,206,196,168,152,128,126,123,141,151,190,190,197]},"region_attributes":{"food":"4"}}}},"images (30).jpg5616":{"fileref":"","size":5616,"filename":"images (30).jpg","base64_img_data":"","file_attributes":{},"regions":{"0":{"shape_attributes":{"name":"polygon","all_points_x":[76,80,91,117,122,136,140,137,127,106,89,80,73,76],"all_points_y":[74,87,94,96,104,91,70,47,36,40,43,56,64,74]},"region_attributes":{"food":"4"}},"1":{"shape_attributes":{"name":"polygon","all_points_x":[75,88,108,132,150,159,152,155,140,124,111,96,100,113,117,113,100,100,83,68,75],"all_points_y":[213,221,223,210,179,156,153,141,125,119,117,127,134,143,167,184,193,193,197,197,213]},"region_attributes":{"food":"4"}},"2":{"shape_attributes":{"name":"polygon","all_points_x":[67,54,44,39,45,54,68,71,99,114,117,105,94,77,67],"all_points_y":[125,136,148,161,178,187,190,196,193,179,157,138,128,130,125]},"region_attributes":{"food":"4"}}}},"images (31).jpg7577":{"fileref":"","size":7577,"filename":"images (31).jpg","base64_img_data":"","file_attributes":{},"regions":{"0":{"shape_attributes":{"name":"polygon","all_points_x":[107,109,129,149,171,193,194,192,177,157,141,122,112,107],"all_points_y":[36,60,76,85,86,72,48,26,12,6,5,13,23,36]},"region_attributes":{"food":"4"}}}},"images (32).jpg6640":{"fileref":"","size":6640,"filename":"images (32).jpg","base64_img_data":"","file_attributes":{},"regions":{"0":{"shape_attributes":{"name":"polygon","all_points_x":[183,170,142,122,109,114,132,156,208,208,192,191,179,183],"all_points_y":[55,37,42,51,63,91,105,122,111,82,86,65,51,55]},"region_attributes":{"food":"4"}}}},"images.jpg16051":{"fileref":"","size":16051,"filename":"images.jpg","base64_img_data":"","file_attributes":{},"regions":{"0":{"shape_attributes":{"name":"polygon","all_points_x":[84,34,0,2,45,107,144,146,125,84],"all_points_y":[40,59,89,270,272,230,150,87,50,40]},"region_attributes":{"food":"1"}}}}}
